Cont.,Mg def.
7.602925532,6.289360465
8.01056383,6.416727273
7.201558824,6.665852941